country,vaccines,covid_confirmed,population,people_vaccinated,country_code,latitude,longitude,Percentage,covid_percentage
Afghanistan,Oxford/AstraZeneca,56779,39590542,280546,AF,33.93911,67.709953,0.70861874,0.143415566
Albania,Pfizer/BioNTech,126795,2875401,300546,AL,41.153332,20.168331,10.45231604,4.40964582
Andorra,Pfizer/BioNTech,12286,77359,3546,AD,42.546245,1.601554,4.583823472,15.88179785
Antigua and Barbuda,Oxford/AstraZeneca,22717,33635777,200546,AG,17.060816,-61.796428,0.596228236,0.067538205
Argentina,Sputnik V,2407159,45510835,755212,AR,-38.416097,-63.616672,1.659411435,5.289199814
Australia,Oxford/AstraZeneca,29364,25724425,343702,AU,-25.274398,133.775136,1.467103735,0.114148324
Australia,Pfizer/BioNTech,29364,25724425,33702,AU,-25.274398,133.775136,1.467103735,0.114148324
Austria,Oxford/AstraZeneca,560972,9045490,448627,AT,47.516231,14.550072,10.1252779,6.201676194
Austria,Moderna,560972,9045490,48627,AT,47.516231,14.550072,10.1252779,6.201676194
Austria,Pfizer/BioNTech,560972,9045490,418627,AT,47.516231,14.550072,10.1252779,6.201676194
Azerbaijan,Oxford/AstraZeneca,271834,10208608,293360,AZ,40.143105,47.576927,10.64513399,2.662792028
Azerbaijan,Sputnik V,271834,10208608,793360,AZ,40.143105,47.576927,10.64513399,2.662792028
Bahrain,Oxford/AstraZeneca,149791,1745999,301103,BH,25.930414,50.637772,42.63530506,8.579099988
Bahrain,Pfizer/BioNTech,149791,1745999,401103,BH,25.930414,50.637772,42.63530506,8.579099988
Bahrain,Sputnik V,149791,1745999,11103,BH,25.930414,50.637772,42.63530506,8.579099988
Bahrain,Sinopharm/Beijing,149791,1745999,31103,BH,25.930414,50.637772,42.63530506,8.579099988
Bangladesh,Oxford/AstraZeneca,644439,165935442,200546,BD,23.684994,90.356331,0.120857845,0.388367303
Barbados,Oxford/AstraZeneca,13679,287643,41125,BB,13.193887,-59.543198,14.2972365,4.755547675
Belarus,Sputnik V,328290,9446953,200546,BY,53.709807,27.953389,2.122864378,3.47508874
Belgium,Moderna,902964,11628013,532682,BE,50.503887,4.469936,5.148136659,7.765419595
Belgium,Oxford/AstraZeneca,902964,11628013,12682,BE,50.503887,4.469936,5.148136659,7.765419595
Belgium,Pfizer/BioNTech,902964,11628013,53262,BE,50.503887,4.469936,5.148136659,7.765419595
Bermuda,Pfizer/BioNTech,11469,62102,2046,BM,32.321384,-64.75737,3.294579885,18.46800425
Bolivia,Sputnik V,275392,11793761,200546,BO,-16.290154,-63.588653,1.700441445,2.335065125
Brazil,Sinovac,13023189,213708216,2542206,BR,-14.235004,-51.92528,4.250848269,6.093911242
Brazil,Oxford/AstraZeneca,13023189,213708216,6542206,BR,-14.235004,-51.92528,4.250848269,6.093911242
Bulgaria,Moderna,356859,6908467,184764,BG,42.733883,25.48583,3.113353512,5.165530935
Bulgaria,Oxford/AstraZeneca,356859,6908467,11847,BG,42.733883,25.48583,3.113353512,5.165530935
Bulgaria,Pfizer/BioNTech,356859,6908467,18474,BG,42.733883,25.48583,3.113353512,5.165530935
Cambodia,Sinopharm/Beijing,12824,16894402,24331,KH,12.565679,104.990963,0.144018119,0.0759068
Canada,Pfizer/BioNTech,1014374,37993587,1407961,CA,56.130366,-106.346771,4.042582239,2.669855836
Canada,Moderna,1014374,37993587,127961,CA,56.130366,-106.346771,4.042582239,2.669855836
Cayman Islands,Pfizer/BioNTech,11501,66308,546,KY,19.513469,-80.566956,0.823430054,17.34481511
Chile,Sinovac,1032612,19240888,3252042,CL,-35.675147,-71.542969,18.67940814,5.36675854
Chile,Pfizer/BioNTech,1032612,19240888,342042,CL,-35.675147,-71.542969,18.67940814,5.36675854
China,Sinopharm/Beijing,90329,1439323776,203546,CN,35.86166,104.195397,0.06424114,0.006275794
China,Sinopharm/Wuhan,90329,1439323776,220546,CN,35.86166,104.195397,0.06424114,0.006275794
China,Sinovac,90329,1439323776,500546,CN,35.86166,104.195397,0.06424114,0.006275794
Colombia,Pfizer/BioNTech,2456409,51294650,600546,CO,4.570868,-74.297333,1.170777069,4.788821056
Costa Rica,Pfizer/BioNTech,216764,5129457,233695,CR,9.748917,-83.753428,4.555940327,4.225866403
Croatia,Pfizer/BioNTech,280164,4085926,153085,HR,45.1,15.2,3.74664152,6.856805532
Cyprus,Pfizer/BioNTech,48278,1214041,900546,CY,35.126413,33.429859,74.17756072,3.976636703
Czechia,Moderna,48278,1214041,48878,,,,12.49002299,3.976636703
Czechia,Oxford/AstraZeneca,48278,1214041,43878,,,,12.49002299,3.976636703
Czechia,Pfizer/BioNTech,48278,1214041,58878,,,,12.49002299,3.976636703
Denmark,Moderna,233797,5807732,469535,DK,56.26392,9.501785,8.868694354,4.025616196
Denmark,Pfizer/BioNTech,233797,5807732,45535,DK,56.26392,9.501785,8.868694354,4.025616196
Dominican Republic,Oxford/AstraZeneca,254435,10930522,60000,DO,18.735693,-70.162651,0.548921634,2.327747934
Ecuador,Pfizer/BioNTech,336777,17846068,35886,EC,-1.831239,-78.183406,0.201086312,1.887121578
El Salvador,Oxford/AstraZeneca,65491,6511108,200546,SV,13.794185,-88.89653,3.080059492,1.005834952
England,Oxford/AstraZeneca,336777,6511108,1733384,,,,29.28484676,5.172345475
England,Pfizer/BioNTech,336777,6511108,173384,,,,29.28484676,5.172345475
Estonia,Moderna,109781,1327215,18759,EE,58.595272,25.013607,3.720346741,8.271530988
Estonia,Oxford/AstraZeneca,109781,1327215,11859,EE,58.595272,25.013607,3.720346741,8.271530988
Estonia,Pfizer/BioNTech,109781,1327215,18759,EE,58.595272,25.013607,3.720346741,8.271530988
Faeroe Islands,Pfizer/BioNTech,11661,49004,200,,,,0.408129949,23.79601665
Finland,Moderna,79737,5547278,38476,FI,61.92411,25.748151,6.071950964,1.43740768
Finland,Oxford/AstraZeneca,79737,5547278,284476,FI,61.92411,25.748151,6.071950964,1.43740768
Finland,Pfizer/BioNTech,79737,5547278,13876,FI,61.92411,25.748151,6.071950964,1.43740768
France,Moderna,4833263,65383531,3036605,FR,46.227638,2.213749,11.28237476,7.392171891
France,Oxford/AstraZeneca,4833263,65383531,303605,FR,46.227638,2.213749,11.28237476,7.392171891
France,Pfizer/BioNTech,4833263,65383531,4036605,FR,46.227638,2.213749,11.28237476,7.392171891
Germany,Oxford/AstraZeneca,2036,83935,5769,DE,51.165691,10.451526,7.562995175,2.425686543
Germany,Pfizer/BioNTech,2036,83935,579,DE,51.165691,10.451526,7.562995175,2.425686543
Germany,Moderna,2036,83935,42769,DE,51.165691,10.451526,7.562995175,2.425686543
Gibraltar,Pfizer/BioNTech,14275,33683,256,GI,36.137741,-5.345374,0.760027313,42.3804293
Greece,Moderna,277277,10384176,594053,GR,39.074208,21.824312,6.858117582,2.670187793
Greece,Oxford/AstraZeneca,277277,10384176,14053,GR,39.074208,21.824312,6.858117582,2.670187793
Greece,Pfizer/BioNTech,277277,10384176,104053,GR,39.074208,21.824312,6.858117582,2.670187793
Guatemala,Sinovac,195680,18166336,12427,GT,15.783471,-90.230759,0.06840675,1.077157221
Guernsey,Pfizer/BioNTech,297,56845,200,GG,49.465691,-2.585278,0.351833934,0.522473393
Guyana,Oxford/AstraZeneca,10606,789440,200546,GY,4.860416,-58.93018,25.40357722,1.343483989
Honduras,Moderna,191136,10023942,200546,HN,15.199999,-86.241905,2.000669996,1.906794752
Hong Kong,Pfizer/BioNTech,277277,1166336,37000,HK,22.396428,114.109497,5.491556464,23.77333804
Hong Kong,Sinovac,277277,1166336,27050,HK,22.396428,114.109497,5.491556464,23.77333804
Hungary,Moderna,689853,9641634,72677,HU,47.162494,19.503304,10.27704433,7.154938675
Hungary,Oxford/AstraZeneca,689853,9641634,821677,HU,47.162494,19.503304,10.27704433,7.154938675
Hungary,Pfizer/BioNTech,689853,9641634,62167,HU,47.162494,19.503304,10.27704433,7.154938675
Hungary,Sinopharm/Beijing,689853,9641634,15677,HU,47.162494,19.503304,10.27704433,7.154938675
Hungary,Sputnik V,689853,9641634,18677,HU,47.162494,19.503304,10.27704433,7.154938675
Iceland,Moderna,16225,342927,11083,IS,64.963051,-19.020835,21.35993958,4.731327659
Iceland,Pfizer/BioNTech,16225,342927,11083,IS,64.963051,-19.020835,21.35993958,4.731327659
Iceland,Oxford/AstraZeneca,16225,342927,51083,IS,64.963051,-19.020835,21.35993958,4.731327659
India,Covaxin,12686049,1390308750,12256337,IN,20.593684,78.96288,1.043845405,0.912462717
India,Oxford/AstraZeneca,12686049,1390308750,2256337,IN,20.593684,78.96288,1.043845405,0.912462717
Indonesia,Sinovac,1537967,275719622,1776336,ID,-0.789275,113.921327,0.644254474,0.557801069
Iran,Sputnik V,1945964,84808441,200546,IR,32.427908,53.688046,0.236469386,2.294540469
Ireland,Moderna,238466,4979653,403550,IE,53.41291,-8.24389,9.049827367,4.788807574
Ireland,Oxford/AstraZeneca,238466,4979653,13550,IE,53.41291,-8.24389,9.049827367,4.788807574
Ireland,Pfizer/BioNTech,238466,4979653,33550,IE,53.41291,-8.24389,9.049827367,4.788807574
Isle of Man,Oxford/AstraZeneca,238466,4979653,14316,IM,54.236107,-4.548056,0.514734661,4.788807574
Isle of Man,Pfizer/BioNTech,238466,4979653,11316,IM,54.236107,-4.548056,0.514734661,4.788807574
Israel,Moderna,834603,9197590,4759854,IL,31.046051,34.851612,52.26812676,9.074148772
Israel,Pfizer/BioNTech,834603,9197590,47554,IL,31.046051,34.851612,52.26812676,9.074148772
Italy,Moderna,3678944,60394015,3061454,IT,41.87194,12.56738,5.910125366,6.091570498
Italy,Oxford/AstraZeneca,3678944,60394015,301454,IT,41.87194,12.56738,5.910125366,6.091570498
Italy,Pfizer/BioNTech,3678944,60394015,206454,IT,41.87194,12.56738,5.910125366,6.091570498
Japan,Pfizer/BioNTech,485325,126180983,31785,JP,36.204824,138.252924,0.025190008,0.384626105
Jersey,Oxford/AstraZeneca,3678944,60394015,200546,JE,49.214439,-2.13125,0.3495247,6.091570498
Jersey,Pfizer/BioNTech,3678944,60394015,10546,JE,49.214439,-2.13125,0.3495247,6.091570498
Jordan,Pfizer/BioNTech,639444,10280059,12546,JO,30.585164,36.238414,1.586488949,6.220236674
Jordan,Sinopharm/Beijing,639444,10280059,150546,JO,30.585164,36.238414,1.586488949,6.220236674
Kazakhstan,Sputnik V,256837,18947133,200546,KZ,48.019573,66.923684,1.058450373,1.355545454
Kuwait,Pfizer/BioNTech,238549,4318438,200546,KW,29.31166,47.481766,4.64394765,5.523964915
Latvia,Moderna,104224,1870241,47371,LV,56.879635,24.603189,6.743141659,5.572757736
Latvia,Oxford/AstraZeneca,104224,1870241,11371,LV,56.879635,24.603189,6.743141659,5.572757736
Latvia,Pfizer/BioNTech,104224,1870241,67371,LV,56.879635,24.603189,6.743141659,5.572757736
Lebanon,Pfizer/BioNTech,480502,6802108,200546,LB,33.854721,35.862285,2.948291912,7.064016037
Liechtenstein,Moderna,12697,38211,10546,LI,47.166,9.555373,4.045955353,33.22865144
Liechtenstein,Pfizer/BioNTech,12697,38211,1546,LI,47.166,9.555373,4.045955353,33.22865144
Lithuania,Moderna,220212,2693197,17299,LT,55.169438,23.881275,11.6329032,8.176602009
Lithuania,Oxford/AstraZeneca,220212,2693197,152999,LT,55.169438,23.881275,11.6329032,8.176602009
Lithuania,Pfizer/BioNTech,220212,2693197,142999,LT,55.169438,23.881275,11.6329032,8.176602009
Luxembourg,Moderna,62414,633692,12755,LU,49.815273,6.129583,9.162968761,9.849264311
Luxembourg,Oxford/AstraZeneca,62414,633692,27655,LU,49.815273,6.129583,9.162968761,9.849264311
Luxembourg,Pfizer/BioNTech,62414,633692,17655,LU,49.815273,6.129583,9.162968761,9.849264311
Malaysia,Sinovac,352029,32680556,25252,MY,4.210484,101.975766,0.077269187,1.077181796
Maldives,Oxford/AstraZeneca,24908,547751,200546,MV,3.202778,73.22068,36.61262143,4.547321684
Malta,Pfizer/BioNTech,29279,442439,52862,MT,35.937496,14.375416,11.94786174,6.617635425
Mexico,Oxford/AstraZeneca,2251705,129961278,1959525,MX,23.634501,-102.552784,0.73831607,1.732596843
Mexico,Pfizer/BioNTech,2251705,129961278,195525,MX,23.634501,-102.552784,0.73831607,1.732596843
Mexico,Sputnik V,2251705,129961278,959525,MX,23.634501,-102.552784,0.73831607,1.732596843
Monaco,Pfizer/BioNTech,12334,39454,2046,MC,43.750298,7.412841,5.185785979,31.26172251
Mongolia,Oxford/AstraZeneca,11651,3318279,200546,MN,46.862496,103.846656,6.04367505,0.351115744
Montenegro,Sputnik V,92740,628127,11531,ME,42.708678,19.37439,1.835775249,14.7645301
Morocco,Oxford/AstraZeneca,498329,37242552,356670,MA,31.791702,-7.09262,1.053515344,1.338063514
Morocco,Sinopharm/Beijing,498329,37242552,35686,MA,31.791702,-7.09262,1.053515344,1.338063514
Nepal,Oxford/AstraZeneca,278210,29533439,20546,NP,28.394857,84.124008,0.0695686,0.942016946
Netherlands,Moderna,1307466,17163751,20846,NL,52.132633,5.291266,1.875685565,7.617600605
Netherlands,Oxford/AstraZeneca,1307466,17163751,200546,NL,52.132633,5.291266,1.875685565,7.617600605
Netherlands,Pfizer/BioNTech,1307466,17163751,100546,NL,52.132633,5.291266,1.875685565,7.617600605
New Zealand,Pfizer/BioNTech,12524,5002100,200546,NZ,-40.900557,174.885971,4.009236121,0.250374843
Northern Ireland,Oxford/AstraZeneca,1307466,17163751,440308,,,,2.879999832,7.617600605
Northern Ireland,Pfizer/BioNTech,1307466,17163751,54008,,,,2.879999832,7.617600605
Norway,Moderna,99249,5453462,41186,NO,60.472024,8.468946,1.628011711,1.819926498
Norway,Oxford/AstraZeneca,99249,5453462,13411,NO,60.472024,8.468946,1.628011711,1.819926498
Norway,Pfizer/BioNTech,99249,5453462,34186,NO,60.472024,8.468946,1.628011711,1.819926498
Oman,Oxford/AstraZeneca,164274,5204594,100546,OM,21.512583,55.923255,2.317029916,3.156326891
Oman,Pfizer/BioNTech,164274,5204594,20046,OM,21.512583,55.923255,2.317029916,3.156326891
Pakistan,Oxford/AstraZeneca,696184,224136519,180546,PK,30.375321,69.345116,0.097546799,0.310607126
Pakistan,Sinopharm/Beijing,696184,224136519,20546,PK,30.375321,69.345116,0.097546799,0.310607126
Pakistan,Sputnik V,696184,224136519,17546,PK,30.375321,69.345116,0.097546799,0.310607126
Panama,Pfizer/BioNTech,356556,4366224,200546,PA,8.537981,-80.782127,4.593122112,8.166232424
Paraguay,Sputnik V,222663,7199011,200546,PY,-23.442503,-58.443832,2.785743764,3.09296652
Peru,Sinopharm/Beijing,1590209,33320089,319830,PE,-9.189967,-75.015152,0.959871386,4.772523267
Philippines,Sinovac,803398,110687179,200546,PH,12.879721,121.774017,0.181182682,0.725827514
Poland,Moderna,2448463,37814999,219526,PL,51.919438,19.145136,6.405505921,6.474846132
Poland,Oxford/AstraZeneca,2448463,37814999,12190,PL,51.919438,19.145136,6.405505921,6.474846132
Poland,Pfizer/BioNTech,2448463,37814999,2190526,PL,51.919438,19.145136,6.405505921,6.474846132
Portugal,Moderna,823494,10174021,603585,PT,39.399872,-8.224454,6.528097396,8.094085908
Portugal,Pfizer/BioNTech,823494,10174021,60585,PT,39.399872,-8.224454,6.528097396,8.094085908
Qatar,Pfizer/BioNTech,184334,2807805,200546,QA,25.354826,51.183884,7.14244757,6.565057046
Romania,Moderna,977986,19139634,94681,RO,45.943161,24.96676,5.020696843,5.109742433
Romania,Oxford/AstraZeneca,977986,19139634,846781,RO,45.943161,24.96676,5.020696843,5.109742433
Romania,Pfizer/BioNTech,977986,19139634,19481,RO,45.943161,24.96676,5.020696843,5.109742433
Russia,EpiVacCorona,4589540,145982158,440332,RU,61.52401,105.318756,3.137824555,3.14390475
Russia,Sputnik V,4589540,145982158,4140332,RU,61.52401,105.318756,3.137824555,3.14390475
Saint Helena,Oxford/AstraZeneca,4589540,145982158,200546,SH,-24.143474,-10.030696,0.137377062,3.14390475
San Marino,Sputnik V,14775,33985,11275,SM,43.94236,12.457777,33.17640135,43.47506253
Saudi Arabia,Oxford/AstraZeneca,393377,35224649,200546,SA,23.885942,45.079162,0.602112458,1.116766274
Saudi Arabia,Pfizer/BioNTech,393377,35224649,11546,SA,23.885942,45.079162,0.602112458,1.116766274
Scotland,Oxford/AstraZeneca,184334,2807805,16361,,,,58.79047868,6.565057046
Scotland,Pfizer/BioNTech,184334,2807805,1634361,,,,58.79047868,6.565057046
Senegal,Sinopharm/Beijing,39093,17076626,35299,SN,14.497401,-14.452362,0.206709452,0.228926955
Serbia,Oxford/AstraZeneca,621375,8710504,11975,RS,44.016521,21.005859,2.840248968,7.133628548
Serbia,Pfizer/BioNTech,621375,8710504,94675,RS,44.016521,21.005859,2.840248968,7.133628548
Serbia,Sinopharm/Beijing,621375,8710504,46375,RS,44.016521,21.005859,2.840248968,7.133628548
Serbia,Sputnik V,621375,8710504,94375,RS,44.016521,21.005859,2.840248968,7.133628548
Seychelles,Oxford/AstraZeneca,14320,98810,55901,SC,-4.679574,55.491977,68.21374355,14.49246028
Seychelles,Sinopharm/Beijing,14320,98810,11501,SC,-4.679574,55.491977,68.21374355,14.49246028
Singapore,Pfizer/BioNTech,60495,5885314,317715,SG,1.352083,103.819836,5.398437535,1.027897577
Slovakia,Pfizer/BioNTech,365400,5461658,321645,SK,48.669026,19.699024,5.88914575,6.690276103
Slovenia,Oxford/AstraZeneca,220425,2079156,14958,SI,46.151241,14.995463,6.729461378,10.6016576
Slovenia,Pfizer/BioNTech,220425,2079156,124958,SI,46.151241,14.995463,6.729461378,10.6016576
South Africa,Johnson&Johnson,1552416,59875953,17047,ZA,-30.559482,22.937506,0.028470528,2.59272032
South Korea,Oxford/AstraZeneca,106230,51302811,200546,KR,35.907757,127.766922,0.390906455,0.207064677
Spain,Moderna,3311325,46768582,2642034,ES,40.463667,-3.74922,7.047684277,7.080233906
Spain,Oxford/AstraZeneca,3311325,46768582,12034,ES,40.463667,-3.74922,7.047684277,7.080233906
Spain,Pfizer/BioNTech,3311325,46768582,642034,ES,40.463667,-3.74922,7.047684277,7.080233906
Sri Lanka,Oxford/AstraZeneca,93595,21481589,200546,LK,7.873054,80.771797,0.933571534,0.435698681
Sweden,Oxford/AstraZeneca,813191,10147161,12046,SE,60.128161,18.643501,6.03707776,8.013975535
Sweden,Pfizer/BioNTech,813191,10147161,600546,SE,60.128161,18.643501,6.03707776,8.013975535
Switzerland,Moderna,605342,8702740,55521,CH,46.818188,8.227512,6.998278703,6.955763357
Switzerland,Pfizer/BioNTech,605342,8702740,553521,CH,46.818188,8.227512,6.998278703,6.955763357
Thailand,Sinovac,29571,69933377,11319,TH,15.870032,100.992541,0.016185405,0.04228453
Turkey,Sinovac,3529601,85028056,6975558,TR,38.963745,35.243322,8.20383098,4.151101608
Turks and Caicos Islands,Pfizer/BioNTech,29571,69933377,200546,TC,21.694025,-71.797928,0.286767218,0.04228453
Ukraine,Oxford/AstraZeneca,1769164,43533047,14905,UA,48.379433,31.16558,0.034238357,4.063956286
United Arab Emirates,Oxford/AstraZeneca,472148,9981074,290546,AE,23.424076,53.847818,13.17288099,4.730432817
United Arab Emirates,Pfizer/BioNTech,472148,9981074,12046,AE,23.424076,53.847818,13.17288099,4.730432817
United Arab Emirates,Sinopharm/Beijing,472148,9981074,800546,AE,23.424076,53.847818,13.17288099,4.730432817
United Arab Emirates,Sinopharm/Wuhan,472148,9981074,11111,AE,23.424076,53.847818,13.17288099,4.730432817
United Arab Emirates,Sputnik V,472148,9981074,200546,AE,23.424076,53.847818,13.17288099,4.730432817
United Kingdom,Oxford/AstraZeneca,29571,69933377,20481538,GB,55.378051,-3.435973,29.3180122,0.04228453
United Kingdom,Pfizer/BioNTech,29571,69933377,2891538,GB,55.378051,-3.435973,29.3180122,0.04228453
United States,Moderna,31496976,332479117,50997,US,37.09024,-95.712891,15.27434097,9.473369721
United States,Pfizer/BioNTech,31496976,332479117,50732997,US,37.09024,-95.712891,15.27434097,9.473369721
Uruguay,Sinovac,119958,3482896,18357,UY,-32.522779,-55.765835,0.527061388,3.444202755
Venezuela,Sputnik V,167548,28374458,200546,VE,6.42375,-66.58973,0.706783545,0.590488812
Wales,Oxford/AstraZeneca,119958,3482896,19485,,,,27.36142566,3.444202755
Wales,Pfizer/BioNTech,119958,3482896,933485,,,,27.36142566,3.444202755
Zimbabwe,Sinopharm/Beijing,36934,15026922,21456,ZW,-19.015438,29.154857,0.142783732,0.245785531
